{
  "translation": [
    -0.1045,
    -0.0017,
    0.1196
  ],
  "rotation_matrix": [
    [
      -0.01803054537244786,
      0.6011899161581056,
      0.7989027375991287
    ],
    [
      0.9991058093714402,
      -0.01972828203976129,
      0.03739487355238774
    ],
    [
      0.038242399425396034,
      0.79886261622232,
      -0.6002966260846538
    ]
  ],
  "quaternion": [
    0.6328495798276174,
    0.6321785525896423,
    0.3307046270191708,
    0.3008091365397404
  ],
  "euler_xyz_deg": [
    126.92263294186493,
    -2.1916625178960776,
    91.03388651422554
  ],
  "num_samples": 15
}