{
  "fx": 755.2640308251791,
  "fy": 807.2322152857924,
  "cx": 285.45936927749466,
  "cy": 222.50941163641042,
  "dist_coeffs": [
    -0.05126207694394299,
    0.17108537334290372,
    0.0002632163301918816,
    0.004492706368249592,
    0.04960451735981586
  ],
  "image_size": [
    640,
    480
  ],
  "reprojection_error": 0.15466586906808202,
  "num_samples": 15
}